{
    "sector_Communication Services": 0.0004683902551936416,
    "roe_change_YoY_signal": 0.0006313685246618516,
    "revenue_growth_YoY_signal": 0.0006965488470800041,
    "operating_margin_change_YoY_signal": 0.0007694990369058684,
    "roe_change_3Y_signal": 0.0007855155649904269,
    "operating_margin_change_1Y_signal": 0.0007899222004520027,
    "asset_turnover_change_YoY_signal": 0.0008563231863502996,
    "roe_change_1Y_signal": 0.0008798016036697207,
    "sector_Consumer Discretionary": 0.0009213016161757181,
    "roe_change_5Y_signal": 0.0009839114442678324,
    "gross_margin_change_YoY_signal": 0.0010558224054946876,
    "fcf_growth_YoY_signal": 0.0011012273848120555,
    "sector_Information Technology": 0.0011101580784633606,
    "revenue_cagr_1Y_signal": 0.0011378817978218675,
    "sector_Materials": 0.0011615672344963434,
    "debt_equity_change_YoY_signal": 0.001171173393132177,
    "sector_Real Estate": 0.001430832313339345,
    "operating_margin_change_3Y_signal": 0.001433669862527584,
    "revenue_cagr_3Y_signal": 0.0015819309182017376,
    "sector_Health Care": 0.001678765239196181,
    "sector_Energy": 0.0018510595548078747,
    "sector_Industrials": 0.0020963429403651848,
    "revenue_cagr_5Y_signal": 0.0021920639598844833,
    "sector_Consumer Staples": 0.002657191725132977,
    "income_from_continuous_operations": 0.003298587996288392,
    "income_after_taxes": 0.0034069526477013795,
    "ebit": 0.0039118368421017504,
    "operating_income": 0.0040036334082004035,
    "net_income": 0.0041655808131146185,
    "net_income_loss": 0.00419405981135939,
    "total_assets": 0.0042302045506679925,
    "total_liabilities_share_holders_equity": 0.004501082284352983,
    "sector_Financials": 0.004667472545308165,
    "pre_tax_income": 0.004898320213899836,
    "ebitda": 0.00608158961689697,
    "eps_basic_net_earnings_per_share": 0.006604014529666768,
    "shares_outstanding": 0.006752779200232448,
    "eps_earnings_per_share_diluted": 0.006955244619699013,
    "basic_shares_outstanding": 0.007075605771337767,
    "total_liabilities": 0.00708850482638671,
    "gross_profit": 0.007551124657554429,
    "total_long_term_assets": 0.008396162320060125,
    "total_share_holder_equity": 0.008575058687539232,
    "cash_flow_from_operating_activities": 0.008809393320850675,
    "total_current_liabilities": 0.008956373071886035,
    "revenue": 0.00937238560279098,
    "total_long_term_liabilities": 0.009812160718128933,
    "sector_Utilities": 0.01002076694449414,
    "net_total_equity_issued_repurchased": 0.01026958040197548,
    "total_current_assets": 0.010387672249788713,
    "other_non_cash_items": 0.010747274597981563,
    "roe": 0.01098018466196646,
    "roi": 0.011019440574847132,
    "net_common_equity_issued_repurchased": 0.011248961138894478,
    "roa": 0.01129745603448907,
    "total_non_cash_items": 0.01141401811959367,
    "total_depreciation_amortization_cash_flow": 0.011729568478120019,
    "operating_cash_flow_per_share": 0.011846230728156961,
    "cash_flow_from_investing_activities": 0.011928927043516068,
    "cash_flow_from_financial_activities": 0.012011356836285113,
    "return_on_tangible_equity": 0.012095898222247282,
    "retained_earnings_accumulated_deficit": 0.012408797932871182,
    "book_value_per_share": 0.01299482569920519,
    "net_cash_flow": 0.01319227583198072,
    "total_change_in_assets_liabilities": 0.013421118663431385,
    "cash_on_hand": 0.014444110116870754,
    "free_cash_flow_per_share": 0.016198397909385074,
    "asset_turnover": 0.016492245379529705,
    "net_profit_margin": 0.016650607444918277,
    "gross_margin": 0.017689557207352744,
    "pre_tax_profit_margin": 0.0177151808998295,
    "market_cap": 0.020627102058584545,
    "DRISCFLM": 0.12551544146496738,
    "DRTSCILM": 0.17450358081428463,
    "DRSDCILM": 0.19839902540098467
}